<application>
  <component name="ProjectManager">
    <defaultProject>
      <component name="Encoding" addBOMForNewFiles="with BOM under Windows, with no BOM otherwise" />
      <component name="PropertiesComponent">{
  &quot;keyToString&quot;: {
    &quot;settings.editor.selected.configurable&quot;: &quot;preferences.updates&quot;
  }
}</component>
      <component name="TaskManager">
        <task active="true" id="Default" summary="默认任务">
          <created>1705415611972</created>
          <option name="number" value="Default" />
          <option name="presentableId" value="Default" />
          <updated>1705415611972</updated>
        </task>
        <servers />
      </component>
      <component name="WindowStateProjectService">
        <state x="361" y="112" key="Rider.ProjectTemplateDialog.Size" timestamp="1705242789225">
          <screen x="0" y="0" width="1536" height="834" />
        </state>
        <state x="361" y="112" key="Rider.ProjectTemplateDialog.Size/0.0.1536.834" timestamp="1705242789225" />
        <state x="270" y="18" key="SettingsEditor" timestamp="1706112235761">
          <screen x="0" y="0" width="1536" height="834" />
        </state>
        <state x="270" y="18" key="SettingsEditor/0.0.1536.834" timestamp="1706112235761" />
      </component>
    </defaultProject>
  </component>
</application>